,c1_meta,c1_title,c1_imgurl,c2_meta,c2_title,c2_imgurl,c3_meta,c3_title,c3_imgurl
0,snacks-branded-foods,Snacks Branded Foods,,ready-to-cook-eat,Ready To Cook Eat,,heat-eat-ready-meals,Heat Eat Ready Meals,
1,baby-care,Baby Care,,baby-toiletries,Baby Toiletries,,baby-buds,Baby Buds,
2,cleaning-household,Cleaning Household,,all-purpose-cleaners,All Purpose Cleaners,,kitchen-glass-drain,Kitchen Glass Drain,
3,bakery-cakes-dairy,Bakery Cakes Dairy,,gourmet-breads,Gourmet Breads,,croissants-bagels,Croissants Bagels,
4,cleaning-household,Cleaning Household,,detergents-dishwash,Detergents Dishwash,,dishwash-liquids-pastes,Dishwash Liquids Pastes,
5,eggs-meat-fish,Eggs Meat Fish,,fish-seafood,Fish Seafood,,other-seafood,Other Seafood,
6,gourmet-world-food,Gourmet World Food,,snacks-dry-fruits-nuts,Snacks Dry Fruits Nuts,,nachos-chips,Nachos Chips,
7,beauty-hygiene,Beauty Hygiene,,skin-care,Skin Care,,moisturiser-lotion-oil,Moisturiser Lotion Oil,
8,beauty-hygiene,Beauty Hygiene,,oral-care,Oral Care,,floss-tongue-cleaners,Floss Tongue Cleaners,
9,foodgrains-oil-masala,Foodgrains Oil Masala,,edible-oils-ghee,Edible Oils Ghee,,,,
10,kitchen-garden-pets,Kitchen Garden Pets,,cookware-non-stick,Cookware Non Stick,,pressure-cookers,Pressure Cookers,
11,foodgrains-oil-masala,Foodgrains Oil Masala,,salt-sugar-jaggery,Salt Sugar Jaggery,,,,
12,foodgrains-oil-masala,Foodgrains Oil Masala,,organic-staples,Organic Staples,,organic-sugar-jaggery,Organic Sugar Jaggery,
13,foodgrains-oil-masala,Foodgrains Oil Masala,,organic-staples,Organic Staples,,organic-edible-oil-ghee,Organic Edible Oil Ghee,
14,eggs-meat-fish,Eggs Meat Fish,,fish-seafood,Fish Seafood,,,,
15,baby-care,Baby Care,,baby-accessories,Baby Accessories,,,,
16,cleaning-household,Cleaning Household,,toilet-floor-other-cleaners,Toilet Floor Other Cleaners,,floor-cleaners,Floor Cleaners,
17,eggs-meat-fish,Eggs Meat Fish,,mutton-lamb,Mutton Lamb,,,,
18,snacks-branded-foods,Snacks Branded Foods,,breakfast-cereals,Breakfast Cereals,,oats-porridge,Oats Porridge,
19,snacks-branded-foods,Snacks Branded Foods,,frozen-veggies-snacks,Frozen Veggies Snacks,,,,
20,baby-care,Baby Care,,baby-diapers-wipes,Baby Diapers Wipes,,baby-wipes,Baby Wipes,
21,beauty-hygiene,Beauty Hygiene,,makeup,Makeup,,lips,Lips,
22,foodgrains-oil-masala,Foodgrains Oil Masala,,flours-sooji,Flours Sooji,,wheat-atta,Wheat Atta,
23,eggs-meat-fish,Eggs Meat Fish,,sausages-bacon-salami,Sausages Bacon Salami,,chicken-sausages,Chicken Sausages,
24,gourmet-world-food,Gourmet World Food,,dairy-cheese,Dairy Cheese,,international-cheese,International Cheese,
25,fruits-vegetables,Fruits Vegetables,,fresh-vegetables,Fresh Vegetables,,cucumber-capsicum,Cucumber Capsicum,
26,beauty-hygiene,Beauty Hygiene,,hair-care,Hair Care,,,,
27,kitchen-garden-pets,Kitchen Garden Pets,,gardening,Gardening,,gardening-tools,Gardening Tools,
28,gourmet-world-food,Gourmet World Food,,chocolates-biscuits,Chocolates Biscuits,,marshmallow-candy-jelly,Marshmallow Candy Jelly,
29,beverages,Beverages,,health-drink-supplement,Health Drink Supplement,,kids-5yrs,Kids 5yrs,
30,kitchen-garden-pets,Kitchen Garden Pets,,crockery-cutlery,Crockery Cutlery,,cups-mugs-tumblers,Cups Mugs Tumblers,
31,beauty-hygiene,Beauty Hygiene,,makeup,Makeup,,nails,Nails,
32,beverages,Beverages,,water,Water,,spring-water,Spring Water,
33,cleaning-household,Cleaning Household,,all-purpose-cleaners,All Purpose Cleaners,,toilet-cleaners,Toilet Cleaners,
34,baby-care,Baby Care,,baby-accessories,Baby Accessories,,bibs-mittens-booties,Bibs Mittens Booties,
35,gourmet-world-food,Gourmet World Food,,cooking-baking-needs,Cooking Baking Needs,,herbs-seasonings-rubs,Herbs Seasonings Rubs,
36,fruits-vegetables,Fruits Vegetables,,cuts-sprouts,Cuts Sprouts,,,,
37,beauty-hygiene,Beauty Hygiene,,mens-grooming,Mens Grooming,,moustache-beard-care,Moustache Beard Care,
38,foodgrains-oil-masala,Foodgrains Oil Masala,,dals-pulses,Dals Pulses,,toor-channa-moong-dal,Toor Channa Moong Dal,
39,cleaning-household,Cleaning Household,,detergents-dishwash,Detergents Dishwash,,detergent-powder-liquid,Detergent Powder Liquid,
40,snacks-branded-foods,Snacks Branded Foods,,chocolates-candies,Chocolates Candies,,mints-chewing-gum,Mints Chewing Gum,
41,bakery-cakes-dairy,Bakery Cakes Dairy,,gourmet-breads,Gourmet Breads,,bagels-baguette,Bagels Baguette,
42,foodgrains-oil-masala,Foodgrains Oil Masala,,organic-staples,Organic Staples,,,,
43,beverages,Beverages,,coffee,Coffee,,instant-coffee,Instant Coffee,
44,eggs-meat-fish,Eggs Meat Fish,,eggs,Eggs,,other-eggs,Other Eggs,
45,gourmet-world-food,Gourmet World Food,,dairy-cheese,Dairy Cheese,,,,
46,beauty-hygiene,Beauty Hygiene,,health-medicine,Health Medicine,,antiseptics-bandages,Antiseptics Bandages,
47,eggs-meat-fish,Eggs Meat Fish,,eggs,Eggs,,protein-eggs,Protein Eggs,
48,beauty-hygiene,Beauty Hygiene,,makeup,Makeup,,,,
49,eggs-meat-fish,Eggs Meat Fish,,fish-seafood,Fish Seafood,,canned-seafood,Canned Seafood,
50,gourmet-world-food,Gourmet World Food,,oils-vinegar,Oils Vinegar,,balsamic-cider-vinegar,Balsamic Cider Vinegar,
51,kitchen-garden-pets,Kitchen Garden Pets,,crockery-cutlery,Crockery Cutlery,,plates-bowls,Plates Bowls,
52,snacks-branded-foods,Snacks Branded Foods,,biscuits-cookies,Biscuits Cookies,,,,
53,snacks-branded-foods,Snacks Branded Foods,,biscuits-cookies,Biscuits Cookies,,cream-biscuits-wafers,Cream Biscuits Wafers,
54,gourmet-world-food,Gourmet World Food,,snacks-dry-fruits-nuts,Snacks Dry Fruits Nuts,,roasted-seeds-nuts,Roasted Seeds Nuts,
55,beauty-hygiene,Beauty Hygiene,,skin-care,Skin Care,,lip-care,Lip Care,
56,snacks-branded-foods,Snacks Branded Foods,,indian-mithai,Indian Mithai,,fresh-sweets,Fresh Sweets,
57,bakery-cakes-dairy,Bakery Cakes Dairy,,cakes-pastries,Cakes Pastries,,pastries-brownies,Pastries Brownies,
58,kitchen-garden-pets,Kitchen Garden Pets,,storage-accessories,Storage Accessories,,containers-sets,Containers Sets,
59,baby-care,Baby Care,,baby-accessories,Baby Accessories,,feeding-nursing,Feeding Nursing,
60,snacks-branded-foods,Snacks Branded Foods,,snacks-namkeen,Snacks Namkeen,,chips-corn-snacks,Chips Corn Snacks,
61,baby-care,Baby Care,,mothers-maternity,Mothers Maternity,,maternity-nutritional-supplements,Maternity Nutritional Supplements,
62,beverages,Beverages,,tea,Tea,,leaf-dust-tea,Leaf Dust Tea,
63,kitchen-garden-pets,Kitchen Garden Pets,,pet-food-accessories,Pet Food Accessories,,pet-feeding-support,Pet Feeding Support,
64,cleaning-household,Cleaning Household,,disposables-garbage-bag,Disposables Garbage Bag,,aluminium-foil-clingwrap,Aluminium Foil Clingwrap,
65,eggs-meat-fish,Eggs Meat Fish,,eggs,Eggs,,,,
66,fruits-vegetables,Fruits Vegetables,,fresh-fruits,Fresh Fruits,,seasonal-fruits,Seasonal Fruits,
67,foodgrains-oil-masala,Foodgrains Oil Masala,,dals-pulses,Dals Pulses,,cereals-millets,Cereals Millets,
68,snacks-branded-foods,Snacks Branded Foods,,biscuits-cookies,Biscuits Cookies,,cookies,Cookies,
69,fruits-vegetables,Fruits Vegetables,,flower-bouquets-bunches,Flower Bouquets Bunches,,,,
70,fruits-vegetables,Fruits Vegetables,,organic-fruits-vegetables,Organic Fruits Vegetables,,organic-fruits,Organic Fruits,
71,baby-care,Baby Care,,baby-toiletries,Baby Toiletries,,baby-oral-care,Baby Oral Care,
72,foodgrains-oil-masala,Foodgrains Oil Masala,,dry-fruits,Dry Fruits,,other-dry-fruits,Other Dry Fruits,
73,snacks-branded-foods,Snacks Branded Foods,,spreads-sauces-ketchup,Spreads Sauces Ketchup,,jam-conserve-marmalade,Jam Conserve Marmalade,
74,gourmet-world-food,Gourmet World Food,,chocolates-biscuits,Chocolates Biscuits,,cookies-biscotti-wafer,Cookies Biscotti Wafer,
75,snacks-branded-foods,Snacks Branded Foods,,breakfast-cereals,Breakfast Cereals,,,,
76,gourmet-world-food,Gourmet World Food,,drinks-beverages,Drinks Beverages,,health-drinks,Health Drinks,
78,cleaning-household,Cleaning Household,,disposables-garbage-bag,Disposables Garbage Bag,,,,
79,kitchen-garden-pets,Kitchen Garden Pets,,steel-utensils,Steel Utensils,,plates-tumblers,Plates Tumblers,
80,beauty-hygiene,Beauty Hygiene,,mens-grooming,Mens Grooming,,shaving-foam-gel-cream,Shaving Foam Gel Cream,
81,eggs-meat-fish,Eggs Meat Fish,,eggs,Eggs,,organic-eggs,Organic Eggs,
82,kitchen-garden-pets,Kitchen Garden Pets,,cookware-non-stick,Cookware Non Stick,,kadai-fry-pans,Kadai Fry Pans,
83,cleaning-household,Cleaning Household,,mops-brushes-scrubs,Mops Brushes Scrubs,,toilet-other-brushes,Toilet Other Brushes,
84,eggs-meat-fish,Eggs Meat Fish,,fish-seafood,Fish Seafood,,frozen-fish-seafood,Frozen Fish Seafood,
85,eggs-meat-fish,Eggs Meat Fish,,fish-seafood,Fish Seafood,,fresh-fish,Fresh Fish,
86,fruits-vegetables,Fruits Vegetables,,fresh-fruits,Fresh Fruits,,apples-pomegranate,Apples Pomegranate,
87,beauty-hygiene,Beauty Hygiene,,deodorant-fragrance,Deodorant Fragrance,,fragrances,Fragrances,
88,baby-care,Baby Care,,baby-accessories,Baby Accessories,,combs-brushes-clippers,Combs Brushes Clippers,
89,cleaning-household,Cleaning Household,,bins-bathroom-ware,Bins Bathroom Ware,,hangers-clips-rope,Hangers Clips Rope,
90,bakery-cakes-dairy,Bakery Cakes Dairy,,breads-buns,Breads Buns,,milk-white-sandwich,Milk White Sandwich,
91,beverages,Beverages,,tea,Tea,,,,
92,beauty-hygiene,Beauty Hygiene,,makeup,Makeup,,eyes,Eyes,
93,eggs-meat-fish,Eggs Meat Fish,,fish-seafood,Fish Seafood,,dry-fish,Dry Fish,
94,gourmet-world-food,Gourmet World Food,,dairy-cheese,Dairy Cheese,,tofu,Tofu,
95,beverages,Beverages,,energy-soft-drinks,Energy Soft Drinks,,cold-drinks,Cold Drinks,
96,cleaning-household,Cleaning Household,,car-shoe-care,Car Shoe Care,,car-polish-cleaners,Car Polish Cleaners,
97,foodgrains-oil-masala,Foodgrains Oil Masala,,rice-rice-products,Rice Rice Products,,boiled-steam-rice,Boiled Steam Rice,
98,fruits-vegetables,Fruits Vegetables,,herbs-seasonings,Herbs Seasonings,,indian-exotic-herbs,Indian Exotic Herbs,
99,kitchen-garden-pets,Kitchen Garden Pets,,flask-casserole,Flask Casserole,,vacuum-flask,Vacuum Flask,
100,gourmet-world-food,Gourmet World Food,,sauces-spreads-dips,Sauces Spreads Dips,,chocolate-peanut-spread,Chocolate Peanut Spread,
101,kitchen-garden-pets,Kitchen Garden Pets,,storage-accessories,Storage Accessories,,water-fridge-bottles,Water Fridge Bottles,
102,cleaning-household,Cleaning Household,,bins-bathroom-ware,Bins Bathroom Ware,,soap-cases-dispensers,Soap Cases Dispensers,
103,beauty-hygiene,Beauty Hygiene,,feminine-hygiene,Feminine Hygiene,,sanitary-pads-liners,Sanitary Pads Liners,
104,kitchen-garden-pets,Kitchen Garden Pets,,storage-accessories,Storage Accessories,,,,
105,snacks-branded-foods,Snacks Branded Foods,,frozen-veggies-snacks,Frozen Veggies Snacks,,frozen-veg-snacks,Frozen Veg Snacks,
106,gourmet-world-food,Gourmet World Food,,snacks-dry-fruits-nuts,Snacks Dry Fruits Nuts,,gourmet-popcorn,Gourmet Popcorn,
107,kitchen-garden-pets,Kitchen Garden Pets,,kitchen-accessories,Kitchen Accessories,,lighters,Lighters,
108,kitchen-garden-pets,Kitchen Garden Pets,,pet-food-accessories,Pet Food Accessories,,,,
109,foodgrains-oil-masala,Foodgrains Oil Masala,,dry-fruits,Dry Fruits,,almonds,Almonds,
110,snacks-branded-foods,Snacks Branded Foods,,ready-to-cook-eat,Ready To Cook Eat,,papads-ready-to-fry,Papads Ready To Fry,
111,foodgrains-oil-masala,Foodgrains Oil Masala,,organic-staples,Organic Staples,,organic-masalas-spices,Organic Masalas Spices,
112,beauty-hygiene,Beauty Hygiene,,skin-care,Skin Care,,whitening-creams-serums,Whitening Creams Serums,
113,beauty-hygiene,Beauty Hygiene,,hair-care,Hair Care,,shampoo-conditioner,Shampoo Conditioner,
114,kitchen-garden-pets,Kitchen Garden Pets,,gardening,Gardening,,seeds-sapling,Seeds Sapling,
115,cleaning-household,Cleaning Household,,all-purpose-cleaners,All Purpose Cleaners,,metal-furniture-cleaner,Metal Furniture Cleaner,
116,snacks-branded-foods,Snacks Branded Foods,,noodle-pasta-vermicelli,Noodle Pasta Vermicelli,,vermicelli,Vermicelli,
117,beverages,Beverages,,energy-soft-drinks,Energy Soft Drinks,,non-alcoholic-drinks,Non Alcoholic Drinks,
118,beverages,Beverages,,water,Water,,packaged-water,Packaged Water,
119,eggs-meat-fish,Eggs Meat Fish,,sausages-bacon-salami,Sausages Bacon Salami,,turkey-duck,Turkey Duck,
120,beauty-hygiene,Beauty Hygiene,,bath-face-hand-wash,Bath Face Hand Wash,,face-wash-scrubs-toner,Face Wash Scrubs Toner,
121,bakery-cakes-dairy,Bakery Cakes Dairy,,breads-buns,Breads Buns,,brown-wheat-multigrain,Brown Wheat Multigrain,
122,beauty-hygiene,Beauty Hygiene,,health-medicine,Health Medicine,,slimming-products,Slimming Products,
123,beauty-hygiene,Beauty Hygiene,,bath-face-hand-wash,Bath Face Hand Wash,,hand-wash-sanitizer,Hand Wash Sanitizer,
124,gourmet-world-food,Gourmet World Food,,dairy-cheese,Dairy Cheese,,milk-soya-drinks,Milk Soya Drinks,
125,cleaning-household,Cleaning Household,,stationery,Stationery,,notebooks-files-folders,Notebooks Files Folders,
126,foodgrains-oil-masala,Foodgrains Oil Masala,,dals-pulses,Dals Pulses,,urad-other-dals,Urad Other Dals,
127,gourmet-world-food,Gourmet World Food,,tinned-processed-food,Tinned Processed Food,,,,
128,snacks-branded-foods,Snacks Branded Foods,,frozen-veggies-snacks,Frozen Veggies Snacks,,frozen-indian-breads,Frozen Indian Breads,
129,beverages,Beverages,,fruit-juices-drinks,Fruit Juices Drinks,,juices-sweetened,Juices Sweetened,
130,beauty-hygiene,Beauty Hygiene,,hair-care,Hair Care,,hair-colours-dyes,Hair Colours Dyes,
131,kitchen-garden-pets,Kitchen Garden Pets,,kitchen-accessories,Kitchen Accessories,,kitchen-tools-other-accessories,Kitchen Tools Other Accessories,
132,snacks-branded-foods,Snacks Branded Foods,,snacks-namkeen,Snacks Namkeen,,,,
133,gourmet-world-food,Gourmet World Food,,cooking-baking-needs,Cooking Baking Needs,,cooking-chocolate-cocoa,Cooking Chocolate Cocoa,
134,kitchen-garden-pets,Kitchen Garden Pets,,storage-accessories,Storage Accessories,,racks-holders,Racks Holders,
135,gourmet-world-food,Gourmet World Food,,drinks-beverages,Drinks Beverages,,aerated-still-sparkling,Aerated Still Sparkling,
136,gourmet-world-food,Gourmet World Food,,cereals-breakfast,Cereals Breakfast,,,,
137,snacks-branded-foods,Snacks Branded Foods,,noodle-pasta-vermicelli,Noodle Pasta Vermicelli,,,,
138,kitchen-garden-pets,Kitchen Garden Pets,,kitchen-accessories,Kitchen Accessories,,knives-peelers,Knives Peelers,
139,beauty-hygiene,Beauty Hygiene,,deodorant-fragrance,Deodorant Fragrance,,,,
140,fruits-vegetables,Fruits Vegetables,,exotic-fruits-veggies,Exotic Fruits Veggies,,exotic-fruits,Exotic Fruits,
141,gourmet-world-food,Gourmet World Food,,snacks-dry-fruits-nuts,Snacks Dry Fruits Nuts,,,,
142,baby-care,Baby Care,,baby-food-formula,Baby Food Formula,,organic-baby-food,Organic Baby Food,
143,gourmet-world-food,Gourmet World Food,,cereals-breakfast,Cereals Breakfast,,muesli-rice-cakes,Muesli Rice Cakes,
144,kitchen-garden-pets,Kitchen Garden Pets,,gardening,Gardening,,fertilizers-pesticides,Fertilizers Pesticides,
145,foodgrains-oil-masala,Foodgrains Oil Masala,,masalas-spices,Masalas Spices,,whole-spices,Whole Spices,
146,cleaning-household,Cleaning Household,,party-festive-needs,Party Festive Needs,,seasonal-accessories,Seasonal Accessories,
147,gourmet-world-food,Gourmet World Food,,dairy-cheese,Dairy Cheese,,flavoured-greek-yogurt,Flavoured Greek Yogurt,
148,beauty-hygiene,Beauty Hygiene,,health-medicine,Health Medicine,,adult-diapers,Adult Diapers,
149,gourmet-world-food,Gourmet World Food,,cooking-baking-needs,Cooking Baking Needs,,exotic-sugar-salt,Exotic Sugar Salt,
150,bakery-cakes-dairy,Bakery Cakes Dairy,,cakes-pastries,Cakes Pastries,,birthday-party-cakes,Birthday Party Cakes,
151,cleaning-household,Cleaning Household,,disposables-garbage-bag,Disposables Garbage Bag,,wet-wipe-pocket-tissues,Wet Wipe Pocket Tissues,
152,gourmet-world-food,Gourmet World Food,,oils-vinegar,Oils Vinegar,,canola-rapeseed-oil,Canola Rapeseed Oil,
153,gourmet-world-food,Gourmet World Food,,sauces-spreads-dips,Sauces Spreads Dips,,,,
154,baby-care,Baby Care,,baby-toiletries,Baby Toiletries,,baby-bath,Baby Bath,
155,snacks-branded-foods,Snacks Branded Foods,,noodle-pasta-vermicelli,Noodle Pasta Vermicelli,,cup-noodles,Cup Noodles,
156,kitchen-garden-pets,Kitchen Garden Pets,,gardening,Gardening,,,,
157,foodgrains-oil-masala,Foodgrains Oil Masala,,rice-rice-products,Rice Rice Products,,poha-sabudana-murmura,Poha Sabudana Murmura,
158,cleaning-household,Cleaning Household,,fresheners-repellents,Fresheners Repellents,,,,
159,eggs-meat-fish,Eggs Meat Fish,,poultry,Poultry,,turkey,Turkey,
160,beauty-hygiene,Beauty Hygiene,,bath-face-hand-wash,Bath Face Hand Wash,,,,
161,bakery-cakes-dairy,Bakery Cakes Dairy,,bakery-snacks,Bakery Snacks,,,,
162,fruits-vegetables,Fruits Vegetables,,herbs-seasonings,Herbs Seasonings,,,,
163,snacks-branded-foods,Snacks Branded Foods,,noodle-pasta-vermicelli,Noodle Pasta Vermicelli,,instant-noodles,Instant Noodles,
164,fruits-vegetables,Fruits Vegetables,,fresh-vegetables,Fresh Vegetables,,cabbage-cauliflower,Cabbage Cauliflower,
165,gourmet-world-food,Gourmet World Food,,chocolates-biscuits,Chocolates Biscuits,,international-chocolates,International Chocolates,
166,beauty-hygiene,Beauty Hygiene,,makeup,Makeup,,makeup-kits,Makeup Kits,
167,foodgrains-oil-masala,Foodgrains Oil Masala,,organic-staples,Organic Staples,,organic-flours,Organic Flours,
168,baby-care,Baby Care,,baby-toiletries,Baby Toiletries,,baby-gift-sets,Baby Gift Sets,
169,cleaning-household,Cleaning Household,,stationery,Stationery,,erasers-sharpeners,Erasers Sharpeners,
170,gourmet-world-food,Gourmet World Food,,snacks-dry-fruits-nuts,Snacks Dry Fruits Nuts,,trail-cocktail-mixes,Trail Cocktail Mixes,
171,cleaning-household,Cleaning Household,,bins-bathroom-ware,Bins Bathroom Ware,,dustbins,Dustbins,
172,snacks-branded-foods,Snacks Branded Foods,,biscuits-cookies,Biscuits Cookies,,glucose-milk-biscuits,Glucose Milk Biscuits,
173,foodgrains-oil-masala,Foodgrains Oil Masala,,dry-fruits,Dry Fruits,,,,
174,beauty-hygiene,Beauty Hygiene,,feminine-hygiene,Feminine Hygiene,,feminine-hygiene-wash,Feminine Hygiene Wash,
175,gourmet-world-food,Gourmet World Food,,chocolates-biscuits,Chocolates Biscuits,,crackers-digestive,Crackers Digestive,
176,eggs-meat-fish,Eggs Meat Fish,,mutton-lamb,Mutton Lamb,,fresh-mutton,Fresh Mutton,
177,baby-care,Baby Care,,mothers-maternity,Mothers Maternity,,maternity-personal-care,Maternity Personal Care,
178,fruits-vegetables,Fruits Vegetables,,fresh-vegetables,Fresh Vegetables,,beans-brinjals-okra,Beans Brinjals Okra,
179,fruits-vegetables,Fruits Vegetables,,fresh-vegetables,Fresh Vegetables,,potato-onion-tomato,Potato Onion Tomato,
180,cleaning-household,Cleaning Household,,pooja-needs,Pooja Needs,,other-pooja-needs,Other Pooja Needs,
181,kitchen-garden-pets,Kitchen Garden Pets,,appliances-electricals,Appliances Electricals,,grills-toasters,Grills Toasters,
182,kitchen-garden-pets,Kitchen Garden Pets,,kitchen-accessories,Kitchen Accessories,,strainer-ladle-spatula,Strainer Ladle Spatula,
183,kitchen-garden-pets,Kitchen Garden Pets,,appliances-electricals,Appliances Electricals,,battery-electrical,Battery Electrical,
184,beverages,Beverages,,fruit-juices-drinks,Fruit Juices Drinks,,unsweetened-cold-press,Unsweetened Cold Press,
185,fruits-vegetables,Fruits Vegetables,,flower-bouquets-bunches,Flower Bouquets Bunches,,marigold,Marigold,
186,fruits-vegetables,Fruits Vegetables,,flower-bouquets-bunches,Flower Bouquets Bunches,,roses,Roses,
187,baby-care,Baby Care,,baby-food-formula,Baby Food Formula,,,,
188,cleaning-household,Cleaning Household,,all-purpose-cleaners,All Purpose Cleaners,,imported-cleaners,Imported Cleaners,
189,eggs-meat-fish,Eggs Meat Fish,,eggs,Eggs,,farm-eggs,Farm Eggs,
190,eggs-meat-fish,Eggs Meat Fish,,pork-other-meats,Pork Other Meats,,,,
191,kitchen-garden-pets,Kitchen Garden Pets,,kitchen-accessories,Kitchen Accessories,,,,
192,snacks-branded-foods,Snacks Branded Foods,,frozen-veggies-snacks,Frozen Veggies Snacks,,frozen-vegetables,Frozen Vegetables,
193,snacks-branded-foods,Snacks Branded Foods,,biscuits-cookies,Biscuits Cookies,,salted-biscuits,Salted Biscuits,
194,kitchen-garden-pets,Kitchen Garden Pets,,appliances-electricals,Appliances Electricals,,coffee-maker-kettles,Coffee Maker Kettles,
195,gourmet-world-food,Gourmet World Food,,pasta-soup-noodles,Pasta Soup Noodles,,jasmine-sushi-rice,Jasmine Sushi Rice,
196,foodgrains-oil-masala,Foodgrains Oil Masala,,atta-flours-sooji,Atta Flours Sooji,,,,
197,gourmet-world-food,Gourmet World Food,,pasta-soup-noodles,Pasta Soup Noodles,,imported-soups,Imported Soups,
198,cleaning-household,Cleaning Household,,mops-brushes-scrubs,Mops Brushes Scrubs,,,,
199,beauty-hygiene,Beauty Hygiene,,health-medicine,Health Medicine,,cotton-ear-buds,Cotton Ear Buds,
200,fruits-vegetables,Fruits Vegetables,,fresh-fruits,Fresh Fruits,,banana-sapota-papaya,Banana Sapota Papaya,
201,gourmet-world-food,Gourmet World Food,,cereals-breakfast,Cereals Breakfast,,gourmet-flakes,Gourmet Flakes,
202,kitchen-garden-pets,Kitchen Garden Pets,,cookware-non-stick,Cookware Non Stick,,tawa-sauce-pan,Tawa Sauce Pan,
203,cleaning-household,Cleaning Household,,all-purpose-cleaners,All Purpose Cleaners,,,,
204,fruits-vegetables,Fruits Vegetables,,organic-fv,Organic Fv,,,,
205,bakery-cakes-dairy,Bakery Cakes Dairy,,cookies-rusk-khari,Cookies Rusk Khari,,premium-cookies,Premium Cookies,
206,cleaning-household,Cleaning Household,,party-festive-needs,Party Festive Needs,,decorations,Decorations,
207,bakery-cakes-dairy,Bakery Cakes Dairy,,dairy,Dairy,,curd,Curd,
208,fruits-vegetables,Fruits Vegetables,,fresh-fruits,Fresh Fruits,,,,
209,gourmet-world-food,Gourmet World Food,,oils-vinegar,Oils Vinegar,,regular-white-vinegar,Regular White Vinegar,
210,baby-care,Baby Care,,baby-toiletries,Baby Toiletries,,baby-oil-shampoo,Baby Oil Shampoo,
211,kitchen-garden-pets,Kitchen Garden Pets,,kitchen-accessories,Kitchen Accessories,,choppers-graters,Choppers Graters,
212,cleaning-household,Cleaning Household,,all-purpose-cleaners,All Purpose Cleaners,,floor-other-cleaners,Floor Other Cleaners,
213,foodgrains-oil-masala,Foodgrains Oil Masala,,atta-flours-sooji,Atta Flours Sooji,,rice-other-flours,Rice Other Flours,
214,snacks-branded-foods,Snacks Branded Foods,,spreads-sauces-ketchup,Spreads Sauces Ketchup,,chilli-soya-sauce,Chilli Soya Sauce,
215,eggs-meat-fish,Eggs Meat Fish,,sausages-bacon-salami,Sausages Bacon Salami,,,,
216,foodgrains-oil-masala,Foodgrains Oil Masala,,edible-oils-ghee,Edible Oils Ghee,,gingelly-oil,Gingelly Oil,
217,beauty-hygiene,Beauty Hygiene,,hair-care,Hair Care,,hair-treatment,Hair Treatment,
218,cleaning-household,Cleaning Household,,bins-bathroom-ware,Bins Bathroom Ware,,buckets-mugs,Buckets Mugs,
219,bakery-cakes-dairy,Bakery Cakes Dairy,,dairy,Dairy,,butter-margarine,Butter Margarine,
220,beverages,Beverages,,health-drink-supplement,Health Drink Supplement,,men-women,Men Women,
221,beverages,Beverages,,health-drink-supplement,Health Drink Supplement,,glucose-powder-tablets,Glucose Powder Tablets,
222,gourmet-world-food,Gourmet World Food,,chocolates-biscuits,Chocolates Biscuits,,luxury-chocolates-gifts,Luxury Chocolates Gifts,
223,fruits-vegetables,Fruits Vegetables,,cuts-sprouts,Cuts Sprouts,,cut-fruit-tender-coconut,Cut Fruit Tender Coconut,
224,gourmet-world-food,Gourmet World Food,,cooking-baking-needs,Cooking Baking Needs,,baking-cake-decorations,Baking Cake Decorations,
225,gourmet-world-food,Gourmet World Food,,sauces-spreads-dips,Sauces Spreads Dips,,jams-marmalade-spreads,Jams Marmalade Spreads,
226,gourmet-world-food,Gourmet World Food,,tinned-processed-food,Tinned Processed Food,,meats-sausages,Meats Sausages,
227,bakery-cakes-dairy,Bakery Cakes Dairy,,bakery-snacks,Bakery Snacks,,bread-sticks-lavash,Bread Sticks Lavash,
228,beverages,Beverages,,health-drink-supplement,Health Drink Supplement,,children-2-5-yrs,Children 2 5 Yrs,
229,beauty-hygiene,Beauty Hygiene,,oral-care,Oral Care,,toothbrush,Toothbrush,
230,kitchen-garden-pets,Kitchen Garden Pets,,flask-casserole,Flask Casserole,,lunch-boxes-bottles,Lunch Boxes Bottles,
231,foodgrains-oil-masala,Foodgrains Oil Masala,,dry-fruits,Dry Fruits,,raisins,Raisins,
232,beauty-hygiene,Beauty Hygiene,,oral-care,Oral Care,,toothpaste,Toothpaste,
233,bakery-cakes-dairy,Bakery Cakes Dairy,,bakery-snacks,Bakery Snacks,,puffs-patties-sandwiches,Puffs Patties Sandwiches,
234,fruits-vegetables,Fruits Vegetables,,exotic-fruits-veggies,Exotic Fruits Veggies,,,,
235,snacks-branded-foods,Snacks Branded Foods,,indian-mithai,Indian Mithai,,tinned-packed-sweets,Tinned Packed Sweets,
236,bakery-cakes-dairy,Bakery Cakes Dairy,,dairy,Dairy,,condensed-powdered-milk,Condensed Powdered Milk,
237,cleaning-household,Cleaning Household,,bins-bathroom-ware,Bins Bathroom Ware,,bath-stool-basin-sets,Bath Stool Basin Sets,
238,cleaning-household,Cleaning Household,,party-festive-needs,Party Festive Needs,,gift-wraps-bags,Gift Wraps Bags,
239,bakery-cakes-dairy,Bakery Cakes Dairy,,cookies-rusk-khari,Cookies Rusk Khari,,bakery-biscuits-cookies,Bakery Biscuits Cookies,
240,baby-care,Baby Care,,baby-diapers-wipes,Baby Diapers Wipes,,diapers,Diapers,
241,fruits-vegetables,Fruits Vegetables,,fresh-fruits,Fresh Fruits,,fruit-baskets,Fruit Baskets,
242,foodgrains-oil-masala,Foodgrains Oil Masala,,edible-oils-ghee,Edible Oils Ghee,,ghee,Ghee,
243,kitchen-garden-pets,Kitchen Garden Pets,,cookware-non-stick,Cookware Non Stick,,cook-and-serve,Cook And Serve,
244,gourmet-world-food,Gourmet World Food,,pasta-soup-noodles,Pasta Soup Noodles,,pastas-spaghetti,Pastas Spaghetti,
245,beauty-hygiene,Beauty Hygiene,,mens-grooming,Mens Grooming,,grooming-styling-sets,Grooming Styling Sets,
246,beauty-hygiene,Beauty Hygiene,,hair-care,Hair Care,,hair-brush-styling-aids,Hair Brush Styling Aids,
247,bakery-cakes-dairy,Bakery Cakes Dairy,,gourmet-breads,Gourmet Breads,,,,
248,fruits-vegetables,Fruits Vegetables,,cuts-sprouts,Cuts Sprouts,,recipe-packs,Recipe Packs,
249,gourmet-world-food,Gourmet World Food,,cereals-breakfast,Cereals Breakfast,,imported-oats-porridge,Imported Oats Porridge,
250,kitchen-garden-pets,Kitchen Garden Pets,,flask-casserole,Flask Casserole,,,,
251,foodgrains-oil-masala,Foodgrains Oil Masala,,organic-staples,Organic Staples,,organic-rice-other-rice,Organic Rice Other Rice,
252,gourmet-world-food,Gourmet World Food,,oils-vinegar,Oils Vinegar,,wine-rice-vinegar,Wine Rice Vinegar,
253,gourmet-world-food,Gourmet World Food,,drinks-beverages,Drinks Beverages,,gourmet-juices-drinks,Gourmet Juices Drinks,
254,kitchen-garden-pets,Kitchen Garden Pets,,pet-food-accessories,Pet Food Accessories,,pet-meals-treats,Pet Meals Treats,
255,snacks-branded-foods,Snacks Branded Foods,,pickles-chutney,Pickles Chutney,,non-veg-pickle,Non Veg Pickle,
256,beverages,Beverages,,fruit-juices-drinks,Fruit Juices Drinks,,syrups-concentrates,Syrups Concentrates,
257,cleaning-household,Cleaning Household,,disposables-garbage-bag,Disposables Garbage Bag,,paper-napkin-tissue-box,Paper Napkin Tissue Box,
258,gourmet-world-food,Gourmet World Food,,oils-vinegar,Oils Vinegar,,organic-cold-press-oil,Organic Cold Press Oil,
259,kitchen-garden-pets,Kitchen Garden Pets,,pet-food-accessories,Pet Food Accessories,,pet-cleaning-grooming,Pet Cleaning Grooming,
260,cleaning-household,Cleaning Household,,pooja-needs,Pooja Needs,,pooja-thali-bells,Pooja Thali Bells,
261,beverages,Beverages,,coffee,Coffee,,ground-coffee,Ground Coffee,
262,gourmet-world-food,Gourmet World Food,,tinned-processed-food,Tinned Processed Food,,olive-jalapeno-gherkin,Olive Jalapeno Gherkin,
263,bakery-cakes-dairy,Bakery Cakes Dairy,,cakes-pastries,Cakes Pastries,,doughnuts-mousses,Doughnuts Mousses,
264,foodgrains-oil-masala,Foodgrains Oil Masala,,edible-oils-ghee,Edible Oils Ghee,,soya-mustard-oils,Soya Mustard Oils,
265,kitchen-garden-pets,Kitchen Garden Pets,,cookware-non-stick,Cookware Non Stick,,microwavable-cookware,Microwavable Cookware,
266,cleaning-household,Cleaning Household,,mops-brushes-scrubs,Mops Brushes Scrubs,,brooms-dust-pans,Brooms Dust Pans,
267,cleaning-household,Cleaning Household,,mops-brushes-scrubs,Mops Brushes Scrubs,,mops-wipers,Mops Wipers,
268,bakery-cakes-dairy,Bakery Cakes Dairy,,cakes-pastries,Cakes Pastries,,,,
269,bakery-cakes-dairy,Bakery Cakes Dairy,,gourmet-breads,Gourmet Breads,,panini-focaccia-pita,Panini Focaccia Pita,
270,cleaning-household,Cleaning Household,,party-festive-needs,Party Festive Needs,,disposable-cups-plates,Disposable Cups Plates,
271,baby-care,Baby Care,,baby-diapers-wipes,Baby Diapers Wipes,,,,
272,snacks-branded-foods,Snacks Branded Foods,,pickles-chutney,Pickles Chutney,,lime-mango-pickle,Lime Mango Pickle,
273,gourmet-world-food,Gourmet World Food,,pasta-soup-noodles,Pasta Soup Noodles,,imported-noodles,Imported Noodles,
274,bakery-cakes-dairy,Bakery Cakes Dairy,,dairy,Dairy,,milk,Milk,
275,snacks-branded-foods,Snacks Branded Foods,,ready-to-cook-eat,Ready To Cook Eat,,breakfast-snack-mixes,Breakfast Snack Mixes,
276,foodgrains-oil-masala,Foodgrains Oil Masala,,dry-fruits,Dry Fruits,,cashews,Cashews,
277,bakery-cakes-dairy,Bakery Cakes Dairy,,ice-creams-desserts,Ice Creams Desserts,,ice-creams,Ice Creams,
278,foodgrains-oil-masala,Foodgrains Oil Masala,,salt-sugar-jaggery,Salt Sugar Jaggery,,sugarfree-sweeteners,Sugarfree Sweeteners,
279,kitchen-garden-pets,Kitchen Garden Pets,,steel-utensils,Steel Utensils,,steel-lunch-boxes,Steel Lunch Boxes,
280,beauty-hygiene,Beauty Hygiene,,mens-grooming,Mens Grooming,,shaving-blades-razors,Shaving Blades Razors,
281,kitchen-garden-pets,Kitchen Garden Pets,,gardening,Gardening,,pots-planters-trays,Pots Planters Trays,
282,snacks-branded-foods,Snacks Branded Foods,,spreads-sauces-ketchup,Spreads Sauces Ketchup,,dips-dressings,Dips Dressings,
283,gourmet-world-food,Gourmet World Food,,oils-vinegar,Oils Vinegar,,extra-virgin-olive-oil,Extra Virgin Olive Oil,
284,kitchen-garden-pets,Kitchen Garden Pets,,appliances-electricals,Appliances Electricals,,cfl-led-bulbs,Cfl Led Bulbs,
285,cleaning-household,Cleaning Household,,pooja-needs,Pooja Needs,,,,
286,cleaning-household,Cleaning Household,,fresheners-repellents,Fresheners Repellents,,insect-repellent,Insect Repellent,
287,kitchen-garden-pets,Kitchen Garden Pets,,pet-food-accessories,Pet Food Accessories,,health-supplements,Health Supplements,
288,snacks-branded-foods,Snacks Branded Foods,,breakfast-cereals,Breakfast Cereals,,flakes,Flakes,
289,beauty-hygiene,Beauty Hygiene,,hair-care,Hair Care,,hair-oil-serum,Hair Oil Serum,
290,snacks-branded-foods,Snacks Branded Foods,,ready-to-eat-cook,Ready To Eat Cook,,frozen-veg-food,Frozen Veg Food,
291,cleaning-household,Cleaning Household,,detergents-dishwash,Detergents Dishwash,,,,
292,fruits-vegetables,Fruits Vegetables,,fresh-vegetables,Fresh Vegetables,,specialty,Specialty,
293,foodgrains-oil-masala,Foodgrains Oil Masala,,rice-rice-products,Rice Rice Products,,basmati-rice,Basmati Rice,
294,beauty-hygiene,Beauty Hygiene,,oral-care,Oral Care,,,,
295,snacks-branded-foods,Snacks Branded Foods,,ready-to-cook-eat,Ready To Cook Eat,,canned-food,Canned Food,
296,eggs-meat-fish,Eggs Meat Fish,,marinades,Marinades,,,,
297,foodgrains-oil-masala,Foodgrains Oil Masala,,edible-oils-ghee,Edible Oils Ghee,,sunflower-oils,Sunflower Oils,
298,foodgrains-oil-masala,Foodgrains Oil Masala,,masalas-spices,Masalas Spices,,blended-masalas,Blended Masalas,
299,cleaning-household,Cleaning Household,,detergents-dishwash,Detergents Dishwash,,imported-home-care,Imported Home Care,
300,foodgrains-oil-masala,Foodgrains Oil Masala,,organic-staples,Organic Staples,,organic-dry-fruits,Organic Dry Fruits,
301,bakery-cakes-dairy,Bakery Cakes Dairy,,dairy,Dairy,,buttermilk-lassi,Buttermilk Lassi,
303,cleaning-household,Cleaning Household,,fresheners-repellents,Fresheners Repellents,,air-freshener,Air Freshener,
304,baby-care,Baby Care,,mothers-maternity,Mothers Maternity,,,,
305,gourmet-world-food,Gourmet World Food,,sauces-spreads-dips,Sauces Spreads Dips,,salad-dressings,Salad Dressings,
306,baby-care,Baby Care,,baby-accessories,Baby Accessories,,soothers-teethers,Soothers Teethers,
307,snacks-branded-foods,Snacks Branded Foods,,spreads-sauces-ketchup,Spreads Sauces Ketchup,,,,
308,foodgrains-oil-masala,Foodgrains Oil Masala,,edible-oils-ghee,Edible Oils Ghee,,sunflower-rice-bran-oil,Sunflower Rice Bran Oil,
309,beauty-hygiene,Beauty Hygiene,,feminine-hygiene,Feminine Hygiene,,,,
310,beverages,Beverages,,tea,Tea,,tea-bags,Tea Bags,
311,bakery-cakes-dairy,Bakery Cakes Dairy,,dairy,Dairy,,yogurt-shrikhand,Yogurt Shrikhand,
312,cleaning-household,Cleaning Household,,party-festive-needs,Party Festive Needs,,,,
313,cleaning-household,Cleaning Household,,disposables-garbage-bag,Disposables Garbage Bag,,toilet-paper,Toilet Paper,
314,fruits-vegetables,Fruits Vegetables,,cuts-sprouts,Cuts Sprouts,,fresh-salads-sprouts,Fresh Salads Sprouts,
315,bakery-cakes-dairy,Bakery Cakes Dairy,,breads-buns,Breads Buns,,buns-pavs-pizza-base,Buns Pavs Pizza Base,
316,beauty-hygiene,Beauty Hygiene,,bath-face-hand-wash,Bath Face Hand Wash,,bathing-bars-soaps,Bathing Bars Soaps,
317,gourmet-world-food,Gourmet World Food,,chocolates-biscuits,Chocolates Biscuits,,,,
318,foodgrains-oil-masala,Foodgrains Oil Masala,,masalas-spices,Masalas Spices,,powdered-spices,Powdered Spices,
319,fruits-vegetables,Fruits Vegetables,,fresh-vegetables,Fresh Vegetables,,gourd-pumpkin-drumstick,Gourd Pumpkin Drumstick,
320,bakery-cakes-dairy,Bakery Cakes Dairy,,cookies-rusk-khari,Cookies Rusk Khari,,rusks,Rusks,
321,foodgrains-oil-masala,Foodgrains Oil Masala,,edible-oils-ghee,Edible Oils Ghee,,blended-cooking-oils,Blended Cooking Oils,
322,cleaning-household,Cleaning Household,,party-festive-needs,Party Festive Needs,,gifts,Gifts,
323,gourmet-world-food,Gourmet World Food,,sauces-spreads-dips,Sauces Spreads Dips,,hummus-cheese-salsa-dip,Hummus Cheese Salsa Dip,
324,kitchen-garden-pets,Kitchen Garden Pets,,crockery-cutlery,Crockery Cutlery,,,,
325,kitchen-garden-pets,Kitchen Garden Pets,,appliances-electricals,Appliances Electricals,,juicer-mixer-grinders,Juicer Mixer Grinders,
326,beverages,Beverages,,fruit-juices-drinks,Fruit Juices Drinks,,,,
327,beauty-hygiene,Beauty Hygiene,,health-medicine,Health Medicine,,everyday-medicine,Everyday Medicine,
328,bakery-cakes-dairy,Bakery Cakes Dairy,,dairy,Dairy,,flavoured-soya-milk,Flavoured Soya Milk,
329,fruits-vegetables,Fruits Vegetables,,organic-fruits-vegetables,Organic Fruits Vegetables,,organic-vegetables,Organic Vegetables,
330,snacks-branded-foods,Snacks Branded Foods,,spreads-sauces-ketchup,Spreads Sauces Ketchup,,mayonnaise,Mayonnaise,
331,gourmet-world-food,Gourmet World Food,,drinks-beverages,Drinks Beverages,,coffee-pre-mix,Coffee Pre Mix,
332,gourmet-world-food,Gourmet World Food,,drinks-beverages,Drinks Beverages,,cocktail-mixes,Cocktail Mixes,
333,kitchen-garden-pets,Kitchen Garden Pets,,steel-utensils,Steel Utensils,,steel-storage-containers,Steel Storage Containers,
334,gourmet-world-food,Gourmet World Food,,cooking-baking-needs,Cooking Baking Needs,,baking-accessories,Baking Accessories,
335,foodgrains-oil-masala,Foodgrains Oil Masala,,atta-flours-sooji,Atta Flours Sooji,,atta-whole-wheat,Atta Whole Wheat,
336,gourmet-world-food,Gourmet World Food,,snacks-dry-fruits-nuts,Snacks Dry Fruits Nuts,,healthy-baked-snacks,Healthy Baked Snacks,
337,beverages,Beverages,,energy-soft-drinks,Energy Soft Drinks,,soda-cocktail-mix,Soda Cocktail Mix,
338,foodgrains-oil-masala,Foodgrains Oil Masala,,rice-rice-products,Rice Rice Products,,,,
339,eggs-meat-fish,Eggs Meat Fish,,mutton-lamb,Mutton Lamb,,steaks-ribs,Steaks Ribs,
340,foodgrains-oil-masala,Foodgrains Oil Masala,,masalas-spices,Masalas Spices,,cooking-pastes,Cooking Pastes,
341,gourmet-world-food,Gourmet World Food,,drinks-beverages,Drinks Beverages,,non-alcoholic-beer-wine,Non Alcoholic Beer Wine,
342,eggs-meat-fish,Eggs Meat Fish,,poultry,Poultry,,duck-goose,Duck Goose,
343,cleaning-household,Cleaning Household,,bins-bathroom-ware,Bins Bathroom Ware,,other-plastic-ware,Other Plastic Ware,
344,cleaning-household,Cleaning Household,,mops-brushes-scrubs,Mops Brushes Scrubs,,utensil-scrub-pad-glove,Utensil Scrub Pad Glove,
345,fruits-vegetables,Fruits Vegetables,,fresh-vegetables,Fresh Vegetables,,leafy-vegetables,Leafy Vegetables,
346,snacks-branded-foods,Snacks Branded Foods,,spreads-sauces-ketchup,Spreads Sauces Ketchup,,honey,Honey,
347,kitchen-garden-pets,Kitchen Garden Pets,,appliances-electricals,Appliances Electricals,,,,
348,snacks-branded-foods,Snacks Branded Foods,,spreads-sauces-ketchup,Spreads Sauces Ketchup,,tomato-ketchup-sauces,Tomato Ketchup Sauces,
349,cleaning-household,Cleaning Household,,mops-brushes-scrubs,Mops Brushes Scrubs,,dust-cloth-wipes,Dust Cloth Wipes,
350,bakery-cakes-dairy,Bakery Cakes Dairy,,cakes-pastries,Cakes Pastries,,tea-cakes-slice-cakes,Tea Cakes Slice Cakes,
351,gourmet-world-food,Gourmet World Food,,cooking-baking-needs,Cooking Baking Needs,,,,
352,beverages,Beverages,,fruit-drinks-juices,Fruit Drinks Juices,,other-juices,Other Juices,
353,snacks-branded-foods,Snacks Branded Foods,,breakfast-cereals,Breakfast Cereals,,granola-cereal-bars,Granola Cereal Bars,
354,gourmet-world-food,Gourmet World Food,,sauces-spreads-dips,Sauces Spreads Dips,,thai-asian-sauces,Thai Asian Sauces,
355,snacks-branded-foods,Snacks Branded Foods,,biscuits-cookies,Biscuits Cookies,,marie-health-digestive,Marie Health Digestive,
356,beauty-hygiene,Beauty Hygiene,,skin-care,Skin Care,,hand-foot-care,Hand Foot Care,
357,foodgrains-oil-masala,Foodgrains Oil Masala,,masalas-spices,Masalas Spices,,,,
358,gourmet-world-food,Gourmet World Food,,sauces-spreads-dips,Sauces Spreads Dips,,honey-maple-syrup,Honey Maple Syrup,
359,kitchen-garden-pets,Kitchen Garden Pets,,cookware-non-stick,Cookware Non Stick,,cookware-sets,Cookware Sets,
360,snacks-branded-foods,Snacks Branded Foods,,snacks-namkeen,Snacks Namkeen,,namkeen-savoury-snacks,Namkeen Savoury Snacks,
361,snacks-branded-foods,Snacks Branded Foods,,noodle-pasta-vermicelli,Noodle Pasta Vermicelli,,hakka-noodles,Hakka Noodles,
362,kitchen-garden-pets,Kitchen Garden Pets,,cookware-non-stick,Cookware Non Stick,,,,
363,bakery-cakes-dairy,Bakery Cakes Dairy,,cakes-pastries,Cakes Pastries,,muffins-cup-cakes,Muffins Cup Cakes,
364,gourmet-world-food,Gourmet World Food,,cooking-baking-needs,Cooking Baking Needs,,flours-pre-mixes,Flours Pre Mixes,
365,baby-care,Baby Care,,baby-toiletries,Baby Toiletries,,baby-creams-lotions,Baby Creams Lotions,
366,kitchen-garden-pets,Kitchen Garden Pets,,storage-accessories,Storage Accessories,,cloth-dryer-iron-table,Cloth Dryer Iron Table,
367,kitchen-garden-pets,Kitchen Garden Pets,,bakeware,Bakeware,,baking-tools-brushes,Baking Tools Brushes,
368,beverages,Beverages,,tea,Tea,,exotic-flavoured-tea,Exotic Flavoured Tea,
369,gourmet-world-food,Gourmet World Food,,cooking-baking-needs,Cooking Baking Needs,,curry-paste-coconut-milk,Curry Paste Coconut Milk,
370,gourmet-world-food,Gourmet World Food,,sauces-spreads-dips,Sauces Spreads Dips,,mustard-cheese-sauces,Mustard Cheese Sauces,
371,gourmet-world-food,Gourmet World Food,,tinned-processed-food,Tinned Processed Food,,beans-pulses,Beans Pulses,
372,beauty-hygiene,Beauty Hygiene,,deodorant-fragrance,Deodorant Fragrance,,womens-deos,Womens Deos,
374,snacks-branded-foods,Snacks Branded Foods,,indian-mithai,Indian Mithai,,,,
375,eggs-meat-fish,Eggs Meat Fish,,eggs,Eggs,,country-eggs,Country Eggs,
377,cleaning-household,Cleaning Household,,fresheners-repellents,Fresheners Repellents,,mosquito-repellent,Mosquito Repellent,
378,cleaning-household,Cleaning Household,,detergents-dishwash,Detergents Dishwash,,dishwash-bars-powders,Dishwash Bars Powders,
379,bakery-cakes-dairy,Bakery Cakes Dairy,,gourmet-breads,Gourmet Breads,,gourmet-bread,Gourmet Bread,
380,beauty-hygiene,Beauty Hygiene,,skin-care,Skin Care,,anti-ageing-cream-serum,Anti Ageing Cream Serum,
381,beauty-hygiene,Beauty Hygiene,,oral-care,Oral Care,,mouthwash,Mouthwash,
382,eggs-meat-fish,Eggs Meat Fish,,sausages-bacon-salami,Sausages Bacon Salami,,pork-ham,Pork Ham,
383,cleaning-household,Cleaning Household,,pooja-needs,Pooja Needs,,lamp-lamp-oil,Lamp Lamp Oil,
384,kitchen-garden-pets,Kitchen Garden Pets,,pet-food-accessories,Pet Food Accessories,,pet-collars-leashes,Pet Collars Leashes,
385,snacks-branded-foods,Snacks Branded Foods,,noodle-pasta-vermicelli,Noodle Pasta Vermicelli,,pasta-macaroni,Pasta Macaroni,
386,cleaning-household,Cleaning Household,,bins-bathroom-ware,Bins Bathroom Ware,,laundry-storage-baskets,Laundry Storage Baskets,
387,kitchen-garden-pets,Kitchen Garden Pets,,steel-utensils,Steel Utensils,,,,
388,baby-care,Baby Care,,baby-diapers-wipes,Baby Diapers Wipes,,nappy-pads,Nappy Pads,
389,cleaning-household,Cleaning Household,,stationery,Stationery,,,,
390,baby-care,Baby Care,,baby-toiletries,Baby Toiletries,,,,
391,cleaning-household,Cleaning Household,,stationery,Stationery,,exam-pads-pencil-box,Exam Pads Pencil Box,
392,fruits-vegetables,Fruits Vegetables,,fresh-vegetables,Fresh Vegetables,,root-vegetables,Root Vegetables,
393,snacks-branded-foods,Snacks Branded Foods,,veg-snacks,Veg Snacks,,namkeen,Namkeen,
394,bakery-cakes-dairy,Bakery Cakes Dairy,,ice-creams-desserts,Ice Creams Desserts,,,,
395,fruits-vegetables,Fruits Vegetables,,fresh-fruits,Fresh Fruits,,mangoes,Mangoes,
396,kitchen-garden-pets,Kitchen Garden Pets,,flask-casserole,Flask Casserole,,casserole,Casserole,
397,cleaning-household,Cleaning Household,,pooja-needs,Pooja Needs,,candles-match-box,Candles Match Box,
398,kitchen-garden-pets,Kitchen Garden Pets,,storage-accessories,Storage Accessories,,lunch-boxes,Lunch Boxes,
399,fruits-vegetables,Fruits Vegetables,,herbs-seasonings,Herbs Seasonings,,lemon-ginger-garlic,Lemon Ginger Garlic,
400,snacks-branded-foods,Snacks Branded Foods,,pickles-chutney,Pickles Chutney,,,,
401,eggs-meat-fish,Eggs Meat Fish,,poultry,Poultry,,fresh-chicken,Fresh Chicken,
402,snacks-branded-foods,Snacks Branded Foods,,chocolates-candies,Chocolates Candies,,toffee-candy-lollypop,Toffee Candy Lollypop,
403,fruits-vegetables,Fruits Vegetables,,exotic-fruits-veggies,Exotic Fruits Veggies,,exotic-vegetables,Exotic Vegetables,
404,foodgrains-oil-masala,Foodgrains Oil Masala,,dals-pulses,Dals Pulses,,,,
405,snacks-branded-foods,Snacks Branded Foods,,noodle-pasta-vermicelli,Noodle Pasta Vermicelli,,instant-pasta,Instant Pasta,
406,snacks-branded-foods,Snacks Branded Foods,,chocolates-candies,Chocolates Candies,,chocolates,Chocolates,
407,beverages,Beverages,,energy-soft-drinks,Energy Soft Drinks,,sports-energy-drinks,Sports Energy Drinks,
408,cleaning-household,Cleaning Household,,car-shoe-care,Car Shoe Care,,shoe-polish,Shoe Polish,
409,cleaning-household,Cleaning Household,,pooja-needs,Pooja Needs,,agarbatti-incense-sticks,Agarbatti Incense Sticks,
410,foodgrains-oil-masala,Foodgrains Oil Masala,,atta-flours-sooji,Atta Flours Sooji,,sooji-maida-besan,Sooji Maida Besan,
411,cleaning-household,Cleaning Household,,pooja-needs,Pooja Needs,,camphor-wicks,Camphor Wicks,
412,beauty-hygiene,Beauty Hygiene,,feminine-hygiene,Feminine Hygiene,,hair-removal,Hair Removal,
413,gourmet-world-food,Gourmet World Food,,tinned-processed-food,Tinned Processed Food,,fruits-pulps,Fruits Pulps,
414,foodgrains-oil-masala,Foodgrains Oil Masala,,edible-oils-ghee,Edible Oils Ghee,,gingelly-groundnut-oils,Gingelly Groundnut Oils,
415,foodgrains-oil-masala,Foodgrains Oil Masala,,salt-sugar-jaggery,Salt Sugar Jaggery,,salts,Salts,
416,snacks-branded-foods,Snacks Branded Foods,,indian-mithai,Indian Mithai,,chikki-gajjak,Chikki Gajjak,
417,snacks-branded-foods,Snacks Branded Foods,,ready-to-cook-eat,Ready To Cook Eat,,soups,Soups,
418,eggs-meat-fish,Eggs Meat Fish,,mutton-lamb,Mutton Lamb,,frozen-mutton,Frozen Mutton,
419,beauty-hygiene,Beauty Hygiene,,deodorant-fragrance,Deodorant Fragrance,,talcum-powders,Talcum Powders,
420,kitchen-garden-pets,Kitchen Garden Pets,,bakeware,Bakeware,,,,
421,snacks-branded-foods,Snacks Branded Foods,,spreads-sauces-ketchup,Spreads Sauces Ketchup,,choco-nut-spread,Choco Nut Spread,
422,eggs-meat-fish,Eggs Meat Fish,,sausages-bacon-salami,Sausages Bacon Salami,,lamb,Lamb,
423,gourmet-world-food,Gourmet World Food,,tinned-processed-food,Tinned Processed Food,,fish-tuna,Fish Tuna,
424,kitchen-garden-pets,Kitchen Garden Pets,,steel-utensils,Steel Utensils,,bowls-vessels,Bowls Vessels,
425,snacks-branded-foods,Snacks Branded Foods,,chocolates-candies,Chocolates Candies,,gift-boxes,Gift Boxes,
426,bakery-cakes-dairy,Bakery Cakes Dairy,,cookies-rusk-khari,Cookies Rusk Khari,,khari-cream-rolls,Khari Cream Rolls,
427,beauty-hygiene,Beauty Hygiene,,bath-face-hand-wash,Bath Face Hand Wash,,shower-gel-body-wash,Shower Gel Body Wash,
428,foodgrains-oil-masala,Foodgrains Oil Masala,,organic-staples,Organic Staples,,organic-dals-pulses,Organic Dals Pulses,
429,cleaning-household,Cleaning Household,,stationery,Stationery,,scissor-glue-tape,Scissor Glue Tape,
430,beverages,Beverages,,coffee,Coffee,,,,
431,gourmet-world-food,Gourmet World Food,,pasta-soup-noodles,Pasta Soup Noodles,,,,
432,kitchen-garden-pets,Kitchen Garden Pets,,storage-accessories,Storage Accessories,,wall-hooks-hangers,Wall Hooks Hangers,
433,beauty-hygiene,Beauty Hygiene,,mens-grooming,Mens Grooming,,,,
434,beauty-hygiene,Beauty Hygiene,,baby-care-care,Baby Care Care,,diapers-wipes,Diapers Wipes,
435,eggs-meat-fish,Eggs Meat Fish,,marinades,Marinades,,marinated-meat,Marinated Meat,
436,foodgrains-oil-masala,Foodgrains Oil Masala,,edible-oils-ghee,Edible Oils Ghee,,ghee-vanaspati,Ghee Vanaspati,
437,fruits-vegetables,Fruits Vegetables,,organic-fruits-vegetables,Organic Fruits Vegetables,,,,
438,beauty-hygiene,Beauty Hygiene,,mens-grooming,Mens Grooming,,after-shave,After Shave,
439,cleaning-household,Cleaning Household,,detergents-dishwash,Detergents Dishwash,,detergent-bars,Detergent Bars,
440,kitchen-garden-pets,Kitchen Garden Pets,,crockery-cutlery,Crockery Cutlery,,dinner-sets,Dinner Sets,
441,snacks-branded-foods,Snacks Branded Foods,,pickles-chutney,Pickles Chutney,,chutney-powder,Chutney Powder,
442,baby-care,Baby Care,,baby-accessories,Baby Accessories,,baby-laundry,Baby Laundry,
443,beverages,Beverages,,tea,Tea,,green-tea,Green Tea,
444,beauty-hygiene,Beauty Hygiene,,skin-care,Skin Care,,sunscreen-creams-lotion,Sunscreen Creams Lotion,
445,beverages,Beverages,,water,Water,,,,
446,gourmet-world-food,Gourmet World Food,,drinks-beverages,Drinks Beverages,,gourmet-tea-tea-bags,Gourmet Tea Tea Bags,
447,eggs-meat-fish,Eggs Meat Fish,,poultry,Poultry,,,,
448,beauty-hygiene,Beauty Hygiene,,skin-care,Skin Care,,bleach-face-pack,Bleach Face Pack,
449,gourmet-world-food,Gourmet World Food,,drinks-beverages,Drinks Beverages,,,,
450,cleaning-household,Cleaning Household,,disposables-garbage-bag,Disposables Garbage Bag,,kitchen-rolls,Kitchen Rolls,
451,bakery-cakes-dairy,Bakery Cakes Dairy,,cookies-rusk-khari,Cookies Rusk Khari,,,,
452,foodgrains-oil-masala,Foodgrains Oil Masala,,edible-oils-ghee,Edible Oils Ghee,,other-edible-oils,Other Edible Oils,
453,beverages,Beverages,,health-drink-supplement,Health Drink Supplement,,,,
454,cleaning-household,Cleaning Household,,car-shoe-care,Car Shoe Care,,shoe-shiners-brushes,Shoe Shiners Brushes,
455,bakery-cakes-dairy,Bakery Cakes Dairy,,dairy,Dairy,,paneer-tofu-cream,Paneer Tofu Cream,
456,gourmet-world-food,Gourmet World Food,,oils-vinegar,Oils Vinegar,,pure-pomace-olive-oil,Pure Pomace Olive Oil,
457,foodgrains-oil-masala,Foodgrains Oil Masala,,edible-oils-ghee,Edible Oils Ghee,,olive-canola-oils,Olive Canola Oils,
458,beauty-hygiene,Beauty Hygiene,,health-medicine,Health Medicine,,supplements-proteins,Supplements Proteins,
459,fruits-vegetables,Fruits Vegetables,,fresh-vegetables,Fresh Vegetables,,,,
460,gourmet-world-food,Gourmet World Food,,dairy-cheese,Dairy Cheese,,gourmet-ice-cream,Gourmet Ice Cream,
461,gourmet-world-food,Gourmet World Food,,snacks-dry-fruits-nuts,Snacks Dry Fruits Nuts,,dry-fruits-berries,Dry Fruits Berries,
462,kitchen-garden-pets,Kitchen Garden Pets,,crockery-cutlery,Crockery Cutlery,,glassware,Glassware,
463,foodgrains-oil-masala,Foodgrains Oil Masala,,salt-sugar-jaggery,Salt Sugar Jaggery,,sugar-jaggery,Sugar Jaggery,
464,snacks-branded-foods,Snacks Branded Foods,,ready-to-cook-eat,Ready To Cook Eat,,,,
465,baby-care,Baby Care,,baby-food-formula,Baby Food Formula,,baby-food,Baby Food,
466,cleaning-household,Cleaning Household,,bins-bathroom-ware,Bins Bathroom Ware,,,,
467,kitchen-garden-pets,Kitchen Garden Pets,,bakeware,Bakeware,,bakeware-accessories,Bakeware Accessories,
468,eggs-meat-fish,Eggs Meat Fish,,fish-seafood,Fish Seafood,,prawns-shrimps,Prawns Shrimps,
469,bakery-cakes-dairy,Bakery Cakes Dairy,,breads-buns,Breads Buns,,,,
470,beauty-hygiene,Beauty Hygiene,,makeup,Makeup,,face,Face,
471,eggs-meat-fish,Eggs Meat Fish,,poultry,Poultry,,frozen-chicken,Frozen Chicken,
472,cleaning-household,Cleaning Household,,car-shoe-care,Car Shoe Care,,,,
473,foodgrains-oil-masala,Foodgrains Oil Masala,,rice-rice-products,Rice Rice Products,,raw-rice,Raw Rice,
474,cleaning-household,Cleaning Household,,car-shoe-care,Car Shoe Care,,car-freshener,Car Freshener,
475,beauty-hygiene,Beauty Hygiene,,makeup,Makeup,,makeup-accessories,Makeup Accessories,
476,gourmet-world-food,Gourmet World Food,,cooking-baking-needs,Cooking Baking Needs,,quinoa-grains,Quinoa Grains,
477,baby-care,Baby Care,,baby-food-formula,Baby Food Formula,,infant-formula,Infant Formula,
478,beauty-hygiene,Beauty Hygiene,,health-medicine,Health Medicine,,,,
480,kitchen-garden-pets,Kitchen Garden Pets,,pet-food-accessories,Pet Food Accessories,,pet-toys,Pet Toys,
481,snacks-branded-foods,Snacks Branded Foods,,pickles-chutney,Pickles Chutney,,other-veg-pickle,Other Veg Pickle,
482,cleaning-household,Cleaning Household,,party-festive-needs,Party Festive Needs,,rakhi,Rakhi,
483,gourmet-world-food,Gourmet World Food,,oils-vinegar,Oils Vinegar,,flavoured-other-oils,Flavoured Other Oils,
484,fruits-vegetables,Fruits Vegetables,,cuts-sprouts,Cuts Sprouts,,cut-peeled-veggies,Cut Peeled Veggies,
485,beauty-hygiene,Beauty Hygiene,,health-medicine,Health Medicine,,sexual-wellness,Sexual Wellness,
486,snacks-branded-foods,Snacks Branded Foods,,spreads-sauces-ketchup,Spreads Sauces Ketchup,,vinegar,Vinegar,
487,cleaning-household,Cleaning Household,,stationery,Stationery,,pen-pencils,Pen Pencils,
488,gourmet-world-food,Gourmet World Food,,tinned-processed-food,Tinned Processed Food,,tomatoes-vegetables,Tomatoes Vegetables,
489,gourmet-world-food,Gourmet World Food,,oils-vinegar,Oils Vinegar,,,,
490,snacks-branded-foods,Snacks Branded Foods,,breakfast-cereals,Breakfast Cereals,,muesli,Muesli,
491,gourmet-world-food,Gourmet World Food,,cereals-breakfast,Cereals Breakfast,,cereal-granola-bars,Cereal Granola Bars,
492,gourmet-world-food,Gourmet World Food,,dairy-cheese,Dairy Cheese,,cream-cheese-spreads,Cream Cheese Spreads,
493,snacks-branded-foods,Snacks Branded Foods,,chocolates-candies,Chocolates Candies,,,,
494,kitchen-garden-pets,Kitchen Garden Pets,,bakeware,Bakeware,,bakeware-moulds-cutters,Bakeware Moulds Cutters,
495,snacks-branded-foods,Snacks Branded Foods,,ready-to-cook-eat,Ready To Cook Eat,,dessert-mixes,Dessert Mixes,
496,cleaning-household,Cleaning Household,,disposables-garbage-bag,Disposables Garbage Bag,,garbage-bags,Garbage Bags,
497,baby-care,Baby Care,,baby-accessories,Baby Accessories,,baby-health-care,Baby Health Care,
498,bakery-cakes-dairy,Bakery Cakes Dairy,,bakery-snacks,Bakery Snacks,,cheese-garlic-bread,Cheese Garlic Bread,
499,bakery-cakes-dairy,Bakery Cakes Dairy,,dairy,Dairy,,,,
500,cleaning-household,Cleaning Household,,party-festive-needs,Party Festive Needs,,holi-colours-pichkari,Holi Colours Pichkari,
501,beauty-hygiene,Beauty Hygiene,,skin-care,Skin Care,,,,
502,beverages,Beverages,,energy-soft-drinks,Energy Soft Drinks,,,,
503,beverages,Beverages,,water,Water,,flavoured-water,Flavoured Water,
504,snacks-branded-foods,Snacks Branded Foods,,breakfast-cereals,Breakfast Cereals,,kids-cereal,Kids Cereal,
505,baby-care,Baby Care,,baby-toiletries,Baby Toiletries,,baby-powder,Baby Powder,
506,kitchen-garden-pets,Kitchen Garden Pets,,crockery-cutlery,Crockery Cutlery,,cutlery-spoon-fork,Cutlery Spoon Fork,
507,foodgrains-oil-masala,Foodgrains Oil Masala,,dry-fruits,Dry Fruits,,mukhwas,Mukhwas,
508,snacks-branded-foods,Snacks Branded Foods,,ready-to-cook-eat,Ready To Cook Eat,,home-baking,Home Baking,
509,beauty-hygiene,Beauty Hygiene,,bath-face-hand-wash,Bath Face Hand Wash,,bath-accessories,Bath Accessories,
510,fruits-vegetables,Fruits Vegetables,,fresh-fruits,Fresh Fruits,,kiwi-melon-citrus-fruit,Kiwi Melon Citrus Fruit,
511,beauty-hygiene,Beauty Hygiene,,deodorant-fragrance,Deodorant Fragrance,,mens-deos,Mens Deos,
512,beauty-hygiene,Beauty Hygiene,,skin-care,Skin Care,,facial-tissues-wipes,Facial Tissues Wipes,
513,snacks-branded-foods,Snacks Branded Foods,,frozen-veggies-snacks,Frozen Veggies Snacks,,frozen-non-veg-snacks,Frozen Non Veg Snacks,
514,bakery-cakes-dairy,Bakery Cakes Dairy,,dairy,Dairy,,cheese,Cheese,
515,cleaning-household,Cleaning Household,,detergents-dishwash,Detergents Dishwash,,fabric-pre-post-wash,Fabric Pre Post Wash,
516,foodgrains-oil-masala,Foodgrains Oil Masala,,masalas-spices,Masalas Spices,,herbs-seasoning,Herbs Seasoning,
517,beverages,Beverages,,health-drink-supplement,Health Drink Supplement,,diabetic-drinks,Diabetic Drinks,
518,gourmet-world-food,Gourmet World Food,,dairy-cheese,Dairy Cheese,,butter-cream,Butter Cream,
